Models,Accuracy,ROC-AUC,Training Time,Inference Time
xrfm,0.92625,0.9654393411272884,102.23081874847412,1.7371089458465576
xgb,0.938375,0.9760180121352383,0.27401256561279297,0.0
mlp,0.92775,0.9679257329229812,7.812264919281006,0.016746997833251953
