Models,Accuracy,ROC-AUC,Training Time,Inference Time
xRFM,0.9631236442516269,0.9878884556303912,21.53799533843994,0.539053201675415
xGBoost,0.9566160520607375,0.9859584859584859,0.9951908588409424,0.014610052108764648
MLP,0.9175704989154013,0.9757572176927015,0.9207286834716797,0.015163898468017578
