Models,Accuracy,ROC-AUC,Training Time,Inference Time
xRFM,0.9881656804733728,0.998157894736842,36.180020809173584,1.4189181327819824
xGBoost,0.9447731755424064,0.921578947368421,0.06915092468261719,0.01513528823852539
MLP,0.9408284023668639,0.9426315789473684,2.0666394233703613,0.013111591339111328
